config,dataset,architecture,n_train,batch_size,data_bytes,gpu_memory,n_chans,n_outputs,n_times,method,K,oom,epochs,seconds_per_epoch,seconds_per_model_epoch,peak_allocated,peak_reserved,overhead,predicted_memory
nakanishi2015_atcnet,Nakanishi2015,ATCNet,144,64,53758080,21072183296,8,12,1037,braindecode,1,False,79,0.06366678893667811,0.06366678893667811,239194624,310378496,374276096,
nakanishi2015_atcnet,Nakanishi2015,ATCNet,144,64,53758080,21072183296,8,12,1037,packed,1,False,210,0.023865052295288826,0.023865052295288826,190915584,226492416,386859008,
nakanishi2015_atcnet,Nakanishi2015,ATCNet,144,64,53758080,21072183296,8,12,1037,packed,2,False,205,0.024491280043872483,0.012245640021936241,263380480,274726912,388956160,
nakanishi2015_atcnet,Nakanishi2015,ATCNet,144,64,53758080,21072183296,8,12,1037,packed,3,False,174,0.028753058051713208,0.009584352683904403,329028096,373293056,388956160,711917568.0000002
nakanishi2015_atcnet,Nakanishi2015,ATCNet,144,64,53758080,21072183296,8,12,1037,packed,4,False,147,0.0340828764489749,0.008520719112243724,399891456,509607936,388956160,827260928.0
nakanishi2015_atcnet,Nakanishi2015,ATCNet,144,64,53758080,21072183296,8,12,1037,packed,6,False,111,0.045101814666686384,0.007516969111114397,536095232,694157312,388956160,1127153664.0
nakanishi2015_atcnet,Nakanishi2015,ATCNet,144,64,53758080,21072183296,8,12,1037,packed,8,False,89,0.05636767375271825,0.007045959219089781,674267136,845152256,388956160,1299120128.0
nakanishi2015_atcnet,Nakanishi2015,ATCNet,144,64,53758080,21072183296,8,12,1037,packed,12,False,63,0.07962810541276769,0.006635675451063974,955811328,1243611136,391053312,1575245141.3333335
nakanishi2015_atcnet,Nakanishi2015,ATCNet,144,64,53758080,21072183296,8,12,1037,packed,16,False,49,0.10310383502047091,0.006443989688779432,1229646336,1556086784,391053312,1998670116.571429
nakanishi2015_atcnet,Nakanishi2015,ATCNet,144,64,53758080,21072183296,8,12,1037,packed,24,False,34,0.14967048641162417,0.006236270267151007,1782174720,2304770048,391053312,2672405162.6666665
nakanishi2015_atcnet,Nakanishi2015,ATCNet,144,64,53758080,21072183296,8,12,1037,packed,32,False,26,0.19591037526921495,0.006122199227162967,2329130496,2927624192,391053312,3400316635.4285717
nakanishi2015_atcnet,Nakanishi2015,ATCNet,144,64,53758080,21072183296,8,12,1037,packed,48,False,17,0.2987253615291967,0.0062234450318582645,3423078912,4445962240,391053312,4711186432.000001
nakanishi2015_atcnet,Nakanishi2015,ATCNet,144,64,53758080,21072183296,8,12,1037,packed,64,False,13,0.39229693876852534,0.006129639668258208,4531588608,5874122752,391053312,6257985828.57143
nakanishi2015_atcnet,Nakanishi2015,ATCNet,144,64,53758080,21072183296,8,12,1037,packed,96,False,9,0.583088903665258,0.006073842746513104,6717091840,8711569408,391053312,9226704213.333334
nakanishi2015_atcnet,Nakanishi2015,ATCNet,144,64,53758080,21072183296,8,12,1037,packed,128,False,7,0.7746266625721806,0.006051770801345161,8916881408,11601444864,393150464,11946810221.714287
nakanishi2015_atcnet,Nakanishi2015,ATCNet,144,64,53758080,21072183296,8,12,1037,packed,192,False,5,1.1563761505996808,0.006022792451040004,13317314048,17257463808,393150464,17713179306.666668
