dataset,architecture,protocol,method,seed,fold,pack_size,seconds,roc_auc,balanced_accuracy
BNCI2014_009,EEGNet,cross-session,packed,0,sub01_test-0,15,0.5733068825999604,0.9609375,0.9020833333333333
BNCI2014_009,EEGNet,cross-session,braindecode,0,sub01_test-0,15,3.1813132830029645,0.9609157986111112,0.896875
BNCI2014_009,EEGNet,cross-session,packed,0,sub01_test-1,15,0.5733068825999604,0.9432725694444445,0.8854166666666667
BNCI2014_009,EEGNet,cross-session,braindecode,0,sub01_test-1,15,3.1544717700016918,0.9473958333333334,0.8739583333333334
BNCI2014_009,EEGNet,cross-session,packed,0,sub01_test-2,15,0.5733068825999604,0.9485894097222222,0.875
BNCI2014_009,EEGNet,cross-session,braindecode,0,sub01_test-2,15,3.158637626002019,0.9447916666666667,0.86875
BNCI2014_009,EEGNet,cross-session,packed,0,sub02_test-0,15,0.5733068825999604,0.9766493055555555,0.928125
BNCI2014_009,EEGNet,cross-session,braindecode,0,sub02_test-0,15,3.191064669001207,0.9769965277777778,0.928125
BNCI2014_009,EEGNet,cross-session,packed,0,sub02_test-1,15,0.5733068825999604,0.9713758680555555,0.9156249999999999
BNCI2014_009,EEGNet,cross-session,braindecode,0,sub02_test-1,15,3.2956864169973414,0.9732204861111111,0.9156249999999999
BNCI2014_009,EEGNet,cross-session,packed,0,sub02_test-2,15,0.5733068825999604,0.9635850694444443,0.896875
BNCI2014_009,EEGNet,cross-session,braindecode,0,sub02_test-2,15,3.497136304999003,0.9659288194444444,0.896875
BNCI2014_009,EEGNet,cross-session,packed,0,sub03_test-0,15,0.5733068825999604,0.7411892361111112,0.6614583333333334
BNCI2014_009,EEGNet,cross-session,braindecode,0,sub03_test-0,15,3.434249728001305,0.7366102430555556,0.6541666666666667
BNCI2014_009,EEGNet,cross-session,packed,0,sub03_test-1,15,0.5733068825999604,0.9513020833333333,0.8697916666666667
BNCI2014_009,EEGNet,cross-session,braindecode,0,sub03_test-1,15,3.4035811649991956,0.9525824652777778,0.8875
BNCI2014_009,EEGNet,cross-session,packed,0,sub03_test-2,15,0.5733068825999604,0.9271484375000001,0.840625
BNCI2014_009,EEGNet,cross-session,braindecode,0,sub03_test-2,15,3.5011446280004748,0.9273220486111111,0.840625
BNCI2014_009,EEGNet,cross-session,packed,0,sub04_test-0,15,0.5733068825999604,0.9673177083333333,0.9156249999999999
BNCI2014_009,EEGNet,cross-session,braindecode,0,sub04_test-0,15,3.5350398530026723,0.9695963541666667,0.9260416666666667
BNCI2014_009,EEGNet,cross-session,packed,0,sub04_test-1,15,0.5733068825999604,0.9597005208333333,0.8895833333333334
BNCI2014_009,EEGNet,cross-session,braindecode,0,sub04_test-1,15,3.3143436089994793,0.9587239583333332,0.8802083333333334
BNCI2014_009,EEGNet,cross-session,packed,0,sub04_test-2,15,0.5733068825999604,0.9584418402777778,0.859375
BNCI2014_009,EEGNet,cross-session,braindecode,0,sub04_test-2,15,3.2079252889998315,0.9592664930555557,0.8656250000000001
BNCI2014_009,EEGNet,cross-session,packed,0,sub05_test-0,15,0.5733068825999604,0.9786024305555555,0.9312499999999999
BNCI2014_009,EEGNet,cross-session,braindecode,0,sub05_test-0,15,3.2448943099989265,0.9788845486111111,0.9322916666666666
BNCI2014_009,EEGNet,cross-session,packed,0,sub05_test-1,15,0.5733068825999604,0.9710069444444445,0.921875
BNCI2014_009,EEGNet,cross-session,braindecode,0,sub05_test-1,15,3.152725774998544,0.9699218749999999,0.9166666666666666
BNCI2014_009,EEGNet,cross-session,packed,0,sub05_test-2,15,0.5733068825999604,0.9636501736111112,0.9010416666666667
BNCI2014_009,EEGNet,cross-session,braindecode,0,sub05_test-2,15,3.2415239839974674,0.9641059027777777,0.90625
BNCI2014_009,EEGNet,cross-session,packed,0,sub06_test-0,15,0.4897283037333788,0.9169921874999999,0.8479166666666667
BNCI2014_009,EEGNet,cross-session,braindecode,0,sub06_test-0,15,3.2257548160014267,0.9167751736111112,0.8625
BNCI2014_009,EEGNet,cross-session,packed,0,sub06_test-1,15,0.4897283037333788,0.937326388888889,0.86875
BNCI2014_009,EEGNet,cross-session,braindecode,0,sub06_test-1,15,3.2962640969999484,0.9412977430555555,0.8760416666666666
BNCI2014_009,EEGNet,cross-session,packed,0,sub06_test-2,15,0.4897283037333788,0.9474609375,0.8770833333333333
BNCI2014_009,EEGNet,cross-session,braindecode,0,sub06_test-2,15,3.203736516999925,0.9442491319444445,0.8822916666666667
BNCI2014_009,EEGNet,cross-session,packed,0,sub07_test-0,15,0.4897283037333788,0.9660590277777777,0.8854166666666666
BNCI2014_009,EEGNet,cross-session,braindecode,0,sub07_test-0,15,3.2326240579968726,0.9653862847222222,0.8916666666666666
BNCI2014_009,EEGNet,cross-session,packed,0,sub07_test-1,15,0.4897283037333788,0.9405815972222221,0.8604166666666666
BNCI2014_009,EEGNet,cross-session,braindecode,0,sub07_test-1,15,3.292701747002866,0.9442491319444444,0.8770833333333333
BNCI2014_009,EEGNet,cross-session,packed,0,sub07_test-2,15,0.4897283037333788,0.9084852430555556,0.81875
BNCI2014_009,EEGNet,cross-session,braindecode,0,sub07_test-2,15,3.4452581949990417,0.9115017361111111,0.8187500000000001
BNCI2014_009,EEGNet,cross-session,packed,0,sub08_test-0,15,0.4897283037333788,0.9721788194444445,0.9041666666666667
BNCI2014_009,EEGNet,cross-session,braindecode,0,sub08_test-0,15,3.596797427999263,0.9729383680555557,0.9114583333333333
BNCI2014_009,EEGNet,cross-session,packed,0,sub08_test-1,15,0.4897283037333788,0.9305989583333333,0.8552083333333333
BNCI2014_009,EEGNet,cross-session,braindecode,0,sub08_test-1,15,3.3177992929995526,0.9332682291666666,0.8666666666666667
BNCI2014_009,EEGNet,cross-session,packed,0,sub08_test-2,15,0.4897283037333788,0.8838324652777777,0.8020833333333333
BNCI2014_009,EEGNet,cross-session,braindecode,0,sub08_test-2,15,3.567766832999041,0.8846788194444444,0.796875
BNCI2014_009,EEGNet,cross-session,packed,0,sub09_test-0,15,0.4897283037333788,0.9887586805555556,0.9447916666666667
BNCI2014_009,EEGNet,cross-session,braindecode,0,sub09_test-0,15,3.4513770930025203,0.9875868055555557,0.9416666666666667
BNCI2014_009,EEGNet,cross-session,packed,0,sub09_test-1,15,0.4897283037333788,0.9837890625,0.9416666666666667
BNCI2014_009,EEGNet,cross-session,braindecode,0,sub09_test-1,15,3.5625018419996195,0.9829861111111111,0.9416666666666667
BNCI2014_009,EEGNet,cross-session,packed,0,sub09_test-2,15,0.4897283037333788,0.9779079861111111,0.925
BNCI2014_009,EEGNet,cross-session,braindecode,0,sub09_test-2,15,3.260242358999676,0.9773220486111112,0.9208333333333334
BNCI2014_009,EEGNet,cross-session,packed,0,sub10_test-0,15,0.4897283037333788,0.9911024305555556,0.9625
BNCI2014_009,EEGNet,cross-session,braindecode,0,sub10_test-0,15,3.2440083410001535,0.9921657986111111,0.9583333333333333
BNCI2014_009,EEGNet,cross-session,packed,0,sub10_test-1,15,0.4897283037333788,0.9845920138888888,0.9479166666666666
BNCI2014_009,EEGNet,cross-session,braindecode,0,sub10_test-1,15,3.2594936479981698,0.9878906249999999,0.9489583333333333
BNCI2014_009,EEGNet,cross-session,packed,0,sub10_test-2,15,0.4897283037333788,0.9549479166666667,0.8843749999999999
BNCI2014_009,EEGNet,cross-session,braindecode,0,sub10_test-2,15,3.213067430002411,0.9529079861111112,0.8802083333333333
BNCI2014_009,EEGNet,cross-session,packed,1,sub01_test-0,15,0.47675328779999593,0.9490668402777778,0.8854166666666667
BNCI2014_009,EEGNet,cross-session,braindecode,1,sub01_test-0,15,3.2976483130005363,0.9521701388888889,0.8916666666666666
BNCI2014_009,EEGNet,cross-session,packed,1,sub01_test-1,15,0.47675328779999593,0.9400390625,0.8614583333333333
BNCI2014_009,EEGNet,cross-session,braindecode,1,sub01_test-1,15,3.2478116270031023,0.9330295138888889,0.8520833333333333
BNCI2014_009,EEGNet,cross-session,packed,1,sub01_test-2,15,0.47675328779999593,0.9409288194444445,0.8770833333333333
BNCI2014_009,EEGNet,cross-session,braindecode,1,sub01_test-2,15,3.2121462469986,0.9387369791666667,0.8614583333333333
BNCI2014_009,EEGNet,cross-session,packed,1,sub02_test-0,15,0.47675328779999593,0.9712673611111111,0.9333333333333333
BNCI2014_009,EEGNet,cross-session,braindecode,1,sub02_test-0,15,3.1381869969991385,0.9694444444444444,0.9281250000000001
BNCI2014_009,EEGNet,cross-session,packed,1,sub02_test-1,15,0.47675328779999593,0.9749565972222223,0.9
BNCI2014_009,EEGNet,cross-session,braindecode,1,sub02_test-1,15,3.1381273949991737,0.9764973958333333,0.9020833333333333
BNCI2014_009,EEGNet,cross-session,packed,1,sub02_test-2,15,0.47675328779999593,0.9576388888888889,0.8729166666666667
BNCI2014_009,EEGNet,cross-session,braindecode,1,sub02_test-2,15,3.4802148239978123,0.9574652777777778,0.88125
BNCI2014_009,EEGNet,cross-session,packed,1,sub03_test-0,15,0.47675328779999593,0.7510850694444444,0.6760416666666667
BNCI2014_009,EEGNet,cross-session,braindecode,1,sub03_test-0,15,3.3613146069983486,0.7565104166666667,0.6770833333333333
BNCI2014_009,EEGNet,cross-session,packed,1,sub03_test-1,15,0.47675328779999593,0.9477430555555556,0.8770833333333333
BNCI2014_009,EEGNet,cross-session,braindecode,1,sub03_test-1,15,3.4081582940016233,0.9497395833333333,0.8895833333333334
BNCI2014_009,EEGNet,cross-session,packed,1,sub03_test-2,15,0.47675328779999593,0.9379123263888889,0.8447916666666666
BNCI2014_009,EEGNet,cross-session,braindecode,1,sub03_test-2,15,3.474914837999677,0.9334635416666667,0.8427083333333334
BNCI2014_009,EEGNet,cross-session,packed,1,sub04_test-0,15,0.47675328779999593,0.9663194444444445,0.8927083333333333
BNCI2014_009,EEGNet,cross-session,braindecode,1,sub04_test-0,15,3.44516865800324,0.9664496527777777,0.8916666666666666
BNCI2014_009,EEGNet,cross-session,packed,1,sub04_test-1,15,0.47675328779999593,0.9522569444444444,0.8739583333333334
BNCI2014_009,EEGNet,cross-session,braindecode,1,sub04_test-1,15,3.370301468999969,0.9518012152777777,0.8822916666666667
BNCI2014_009,EEGNet,cross-session,packed,1,sub04_test-2,15,0.47675328779999593,0.9598524305555555,0.8885416666666667
BNCI2014_009,EEGNet,cross-session,braindecode,1,sub04_test-2,15,3.3105516969990276,0.9594401041666667,0.875
BNCI2014_009,EEGNet,cross-session,packed,1,sub05_test-0,15,0.47675328779999593,0.9808159722222223,0.9291666666666667
BNCI2014_009,EEGNet,cross-session,braindecode,1,sub05_test-0,15,3.143101811001543,0.9820095486111111,0.9375
BNCI2014_009,EEGNet,cross-session,packed,1,sub05_test-1,15,0.47675328779999593,0.9639973958333333,0.9145833333333333
BNCI2014_009,EEGNet,cross-session,braindecode,1,sub05_test-1,15,3.1733766310026112,0.9654513888888889,0.9104166666666667
BNCI2014_009,EEGNet,cross-session,packed,1,sub05_test-2,15,0.47675328779999593,0.9685546875,0.9052083333333334
BNCI2014_009,EEGNet,cross-session,braindecode,1,sub05_test-2,15,3.16794805599784,0.9673394097222223,0.9041666666666667
BNCI2014_009,EEGNet,cross-session,packed,1,sub06_test-0,15,0.49334000640010345,0.9212673611111112,0.8395833333333333
BNCI2014_009,EEGNet,cross-session,braindecode,1,sub06_test-0,15,3.2104148310027085,0.9207682291666667,0.8395833333333333
BNCI2014_009,EEGNet,cross-session,packed,1,sub06_test-1,15,0.49334000640010345,0.9410807291666666,0.8552083333333333
BNCI2014_009,EEGNet,cross-session,braindecode,1,sub06_test-1,15,3.2230976770006237,0.9398654513888889,0.8625
BNCI2014_009,EEGNet,cross-session,packed,1,sub06_test-2,15,0.49334000640010345,0.942165798611111,0.878125
BNCI2014_009,EEGNet,cross-session,braindecode,1,sub06_test-2,15,3.1867942230019253,0.9412760416666667,0.8739583333333334
BNCI2014_009,EEGNet,cross-session,packed,1,sub07_test-0,15,0.49334000640010345,0.9593532986111111,0.8833333333333333
BNCI2014_009,EEGNet,cross-session,braindecode,1,sub07_test-0,15,3.2066345950006507,0.9589192708333334,0.884375
BNCI2014_009,EEGNet,cross-session,packed,1,sub07_test-1,15,0.49334000640010345,0.9455946180555556,0.8666666666666667
BNCI2014_009,EEGNet,cross-session,braindecode,1,sub07_test-1,15,3.2205906130002404,0.9439019097222222,0.8666666666666667
BNCI2014_009,EEGNet,cross-session,packed,1,sub07_test-2,15,0.49334000640010345,0.9061197916666667,0.8114583333333334
BNCI2014_009,EEGNet,cross-session,braindecode,1,sub07_test-2,15,3.675069673998223,0.9084418402777779,0.8104166666666667
BNCI2014_009,EEGNet,cross-session,packed,1,sub08_test-0,15,0.49334000640010345,0.9748914930555556,0.9125
BNCI2014_009,EEGNet,cross-session,braindecode,1,sub08_test-0,15,3.512863721996837,0.9770616319444443,0.91875
BNCI2014_009,EEGNet,cross-session,packed,1,sub08_test-1,15,0.49334000640010345,0.9280164930555556,0.8489583333333334
BNCI2014_009,EEGNet,cross-session,braindecode,1,sub08_test-1,15,3.5716110600005777,0.9232855902777778,0.8385416666666667
BNCI2014_009,EEGNet,cross-session,packed,1,sub08_test-2,15,0.49334000640010345,0.8986328125,0.809375
BNCI2014_009,EEGNet,cross-session,braindecode,1,sub08_test-2,15,3.5196318390007946,0.8949001736111111,0.809375
BNCI2014_009,EEGNet,cross-session,packed,1,sub09_test-0,15,0.49334000640010345,0.9817274305555556,0.9479166666666666
BNCI2014_009,EEGNet,cross-session,braindecode,1,sub09_test-0,15,3.348563107996597,0.9810329861111111,0.9468749999999999
BNCI2014_009,EEGNet,cross-session,packed,1,sub09_test-1,15,0.49334000640010345,0.9821397569444443,0.9208333333333334
BNCI2014_009,EEGNet,cross-session,braindecode,1,sub09_test-1,15,3.462821378998342,0.9812934027777779,0.9229166666666666
BNCI2014_009,EEGNet,cross-session,packed,1,sub09_test-2,15,0.49334000640010345,0.9776041666666668,0.921875
BNCI2014_009,EEGNet,cross-session,braindecode,1,sub09_test-2,15,3.3052887360026943,0.9782769097222223,0.915625
BNCI2014_009,EEGNet,cross-session,packed,1,sub10_test-0,15,0.49334000640010345,0.9912543402777778,0.9510416666666667
BNCI2014_009,EEGNet,cross-session,braindecode,1,sub10_test-0,15,3.2430313319964625,0.9925564236111111,0.9635416666666667
BNCI2014_009,EEGNet,cross-session,packed,1,sub10_test-1,15,0.49334000640010345,0.9816623263888888,0.9458333333333333
BNCI2014_009,EEGNet,cross-session,braindecode,1,sub10_test-1,15,3.2712277280006674,0.9814453125,0.9520833333333334
BNCI2014_009,EEGNet,cross-session,packed,1,sub10_test-2,15,0.49334000640010345,0.9538628472222223,0.8927083333333333
BNCI2014_009,EEGNet,cross-session,braindecode,1,sub10_test-2,15,3.200005342998338,0.9596137152777778,0.8854166666666667
BNCI2014_009,EEGNet,cross-session,packed,2,sub01_test-0,15,0.4664189339334068,0.9578776041666666,0.890625
BNCI2014_009,EEGNet,cross-session,braindecode,2,sub01_test-0,15,3.335224187998392,0.9594401041666667,0.8854166666666667
BNCI2014_009,EEGNet,cross-session,packed,2,sub01_test-1,15,0.4664189339334068,0.9385633680555555,0.8677083333333333
BNCI2014_009,EEGNet,cross-session,braindecode,2,sub01_test-1,15,3.1395439600019017,0.9440104166666667,0.8739583333333334
BNCI2014_009,EEGNet,cross-session,packed,2,sub01_test-2,15,0.4664189339334068,0.9473307291666666,0.8708333333333333
BNCI2014_009,EEGNet,cross-session,braindecode,2,sub01_test-2,15,3.2346514929995465,0.9531684027777779,0.884375
BNCI2014_009,EEGNet,cross-session,packed,2,sub02_test-0,15,0.4664189339334068,0.9716362847222222,0.9177083333333333
BNCI2014_009,EEGNet,cross-session,braindecode,2,sub02_test-0,15,3.2827855739997176,0.9695529513888889,0.9135416666666667
BNCI2014_009,EEGNet,cross-session,packed,2,sub02_test-1,15,0.4664189339334068,0.9696614583333334,0.9
BNCI2014_009,EEGNet,cross-session,braindecode,2,sub02_test-1,15,3.2802111890014203,0.9671006944444445,0.903125
BNCI2014_009,EEGNet,cross-session,packed,2,sub02_test-2,15,0.4664189339334068,0.9572916666666667,0.8999999999999999
BNCI2014_009,EEGNet,cross-session,braindecode,2,sub02_test-2,15,3.53727596400131,0.9558159722222223,0.8833333333333333
BNCI2014_009,EEGNet,cross-session,packed,2,sub03_test-0,15,0.4664189339334068,0.7266059027777778,0.6656249999999999
BNCI2014_009,EEGNet,cross-session,braindecode,2,sub03_test-0,15,3.315480610999657,0.7304253472222223,0.6697916666666667
BNCI2014_009,EEGNet,cross-session,packed,2,sub03_test-1,15,0.4664189339334068,0.9418619791666666,0.884375
BNCI2014_009,EEGNet,cross-session,braindecode,2,sub03_test-1,15,3.6157429959966976,0.9480902777777778,0.8885416666666667
BNCI2014_009,EEGNet,cross-session,packed,2,sub03_test-2,15,0.4664189339334068,0.942578125,0.8385416666666667
BNCI2014_009,EEGNet,cross-session,braindecode,2,sub03_test-2,15,3.530580132999603,0.9387803819444445,0.8416666666666667
BNCI2014_009,EEGNet,cross-session,packed,2,sub04_test-0,15,0.4664189339334068,0.9599392361111112,0.8916666666666666
BNCI2014_009,EEGNet,cross-session,braindecode,2,sub04_test-0,15,3.386835556000733,0.9616319444444444,0.8989583333333333
BNCI2014_009,EEGNet,cross-session,packed,2,sub04_test-1,15,0.4664189339334068,0.95078125,0.8916666666666666
BNCI2014_009,EEGNet,cross-session,braindecode,2,sub04_test-1,15,3.497410260999459,0.9450086805555555,0.8791666666666667
BNCI2014_009,EEGNet,cross-session,packed,2,sub04_test-2,15,0.4664189339334068,0.952734375,0.8729166666666667
BNCI2014_009,EEGNet,cross-session,braindecode,2,sub04_test-2,15,3.3395060090006154,0.9489800347222221,0.8739583333333334
BNCI2014_009,EEGNet,cross-session,packed,2,sub05_test-0,15,0.4664189339334068,0.9855251736111111,0.9458333333333333
BNCI2014_009,EEGNet,cross-session,braindecode,2,sub05_test-0,15,3.2675976880018425,0.9831163194444446,0.934375
BNCI2014_009,EEGNet,cross-session,packed,2,sub05_test-1,15,0.4664189339334068,0.9685329861111112,0.9125
BNCI2014_009,EEGNet,cross-session,braindecode,2,sub05_test-1,15,3.204059416999371,0.9646050347222223,0.9104166666666667
BNCI2014_009,EEGNet,cross-session,packed,2,sub05_test-2,15,0.4664189339334068,0.9660590277777779,0.9052083333333334
BNCI2014_009,EEGNet,cross-session,braindecode,2,sub05_test-2,15,3.22146172200155,0.9684678819444444,0.903125
BNCI2014_009,EEGNet,cross-session,packed,2,sub06_test-0,15,0.47956934733326,0.9247612847222222,0.8614583333333333
BNCI2014_009,EEGNet,cross-session,braindecode,2,sub06_test-0,15,3.278410814000381,0.9256076388888889,0.8604166666666666
BNCI2014_009,EEGNet,cross-session,packed,2,sub06_test-1,15,0.47956934733326,0.9430555555555555,0.8677083333333333
BNCI2014_009,EEGNet,cross-session,braindecode,2,sub06_test-1,15,3.190583499999775,0.9409288194444445,0.865625
BNCI2014_009,EEGNet,cross-session,packed,2,sub06_test-2,15,0.47956934733326,0.9418402777777778,0.85625
BNCI2014_009,EEGNet,cross-session,braindecode,2,sub06_test-2,15,3.186930632997246,0.939670138888889,0.8604166666666666
BNCI2014_009,EEGNet,cross-session,packed,2,sub07_test-0,15,0.47956934733326,0.9646701388888889,0.896875
BNCI2014_009,EEGNet,cross-session,braindecode,2,sub07_test-0,15,3.136921538000024,0.9648654513888889,0.8947916666666667
BNCI2014_009,EEGNet,cross-session,packed,2,sub07_test-1,15,0.47956934733326,0.9353949652777779,0.8625
BNCI2014_009,EEGNet,cross-session,braindecode,2,sub07_test-1,15,3.151671545998397,0.9427951388888889,0.8677083333333333
BNCI2014_009,EEGNet,cross-session,packed,2,sub07_test-2,15,0.47956934733326,0.9110243055555556,0.8041666666666667
BNCI2014_009,EEGNet,cross-session,braindecode,2,sub07_test-2,15,3.4879718239972135,0.9055121527777777,0.8187500000000001
BNCI2014_009,EEGNet,cross-session,packed,2,sub08_test-0,15,0.47956934733326,0.9698784722222222,0.8885416666666667
BNCI2014_009,EEGNet,cross-session,braindecode,2,sub08_test-0,15,3.5118621709989384,0.9742621527777777,0.8916666666666666
BNCI2014_009,EEGNet,cross-session,packed,2,sub08_test-1,15,0.47956934733326,0.9254340277777777,0.8427083333333334
BNCI2014_009,EEGNet,cross-session,braindecode,2,sub08_test-1,15,3.4052161109975714,0.9240885416666667,0.8510416666666667
BNCI2014_009,EEGNet,cross-session,packed,2,sub08_test-2,15,0.47956934733326,0.8912760416666669,0.8062499999999999
BNCI2014_009,EEGNet,cross-session,braindecode,2,sub08_test-2,15,3.611061609000899,0.8932074652777778,0.8041666666666667
BNCI2014_009,EEGNet,cross-session,packed,2,sub09_test-0,15,0.47956934733326,0.9858940972222222,0.9427083333333333
BNCI2014_009,EEGNet,cross-session,braindecode,2,sub09_test-0,15,3.653112960000726,0.9870008680555555,0.9427083333333333
BNCI2014_009,EEGNet,cross-session,packed,2,sub09_test-1,15,0.47956934733326,0.9838541666666667,0.9333333333333333
BNCI2014_009,EEGNet,cross-session,braindecode,2,sub09_test-1,15,3.3271932099996775,0.9839409722222222,0.9364583333333334
BNCI2014_009,EEGNet,cross-session,packed,2,sub09_test-2,15,0.47956934733326,0.9796006944444444,0.9166666666666667
BNCI2014_009,EEGNet,cross-session,braindecode,2,sub09_test-2,15,3.302277667000453,0.9811848958333333,0.9281250000000001
BNCI2014_009,EEGNet,cross-session,packed,2,sub10_test-0,15,0.47956934733326,0.9914496527777777,0.959375
BNCI2014_009,EEGNet,cross-session,braindecode,2,sub10_test-0,15,3.1708174260020314,0.9884331597222222,0.953125
BNCI2014_009,EEGNet,cross-session,packed,2,sub10_test-1,15,0.47956934733326,0.9812934027777778,0.9437500000000001
BNCI2014_009,EEGNet,cross-session,braindecode,2,sub10_test-1,15,3.1979306310022366,0.9828559027777778,0.9395833333333333
BNCI2014_009,EEGNet,cross-session,packed,2,sub10_test-2,15,0.47956934733326,0.9670355902777776,0.8916666666666666
BNCI2014_009,EEGNet,cross-session,braindecode,2,sub10_test-2,15,3.204494307999994,0.9569227430555556,0.8916666666666666
