dataset,architecture,protocol,method,seed,fold,pack_size,seconds,accuracy,kappa
Nakanishi2015,ATCNet,within-session,packed,0,sub01_ses-0_fold0,15,2.286448185199697,0.9166666666666666,0.9090909090909091
Nakanishi2015,ATCNet,within-session,braindecode,0,sub01_ses-0_fold0,15,31.962130896994495,0.9166666666666666,0.9090909090909091
Nakanishi2015,ATCNet,within-session,packed,0,sub01_ses-0_fold1,15,2.286448185199697,0.9722222222222222,0.9696969696969697
Nakanishi2015,ATCNet,within-session,braindecode,0,sub01_ses-0_fold1,15,29.910166401001334,0.9722222222222222,0.9696969696969697
Nakanishi2015,ATCNet,within-session,packed,0,sub01_ses-0_fold2,15,2.286448185199697,0.9722222222222222,0.9696969696969697
Nakanishi2015,ATCNet,within-session,braindecode,0,sub01_ses-0_fold2,15,32.16768763399887,0.9722222222222222,0.9696969696969697
Nakanishi2015,ATCNet,within-session,packed,0,sub01_ses-0_fold3,15,2.286448185199697,0.9444444444444444,0.9393939393939394
Nakanishi2015,ATCNet,within-session,braindecode,0,sub01_ses-0_fold3,15,30.299540649997653,0.9444444444444444,0.9393939393939394
Nakanishi2015,ATCNet,within-session,packed,0,sub01_ses-0_fold4,15,2.286448185199697,0.8333333333333334,0.8181818181818181
Nakanishi2015,ATCNet,within-session,braindecode,0,sub01_ses-0_fold4,15,32.05947484799981,0.8888888888888888,0.8787878787878788
Nakanishi2015,ATCNet,within-session,packed,0,sub02_ses-0_fold0,15,2.286448185199697,0.8333333333333334,0.8181818181818181
Nakanishi2015,ATCNet,within-session,braindecode,0,sub02_ses-0_fold0,15,30.940534966000996,0.6666666666666666,0.6363636363636364
Nakanishi2015,ATCNet,within-session,packed,0,sub02_ses-0_fold1,15,2.286448185199697,0.7222222222222222,0.696969696969697
Nakanishi2015,ATCNet,within-session,braindecode,0,sub02_ses-0_fold1,15,31.237859225999273,0.6388888888888888,0.6060606060606061
Nakanishi2015,ATCNet,within-session,packed,0,sub02_ses-0_fold2,15,2.286448185199697,0.75,0.7272727272727273
Nakanishi2015,ATCNet,within-session,braindecode,0,sub02_ses-0_fold2,15,31.867142773000523,0.6666666666666666,0.6363636363636364
Nakanishi2015,ATCNet,within-session,packed,0,sub02_ses-0_fold3,15,2.286448185199697,0.75,0.7272727272727273
Nakanishi2015,ATCNet,within-session,braindecode,0,sub02_ses-0_fold3,15,30.27590990200406,0.7222222222222222,0.696969696969697
Nakanishi2015,ATCNet,within-session,packed,0,sub02_ses-0_fold4,15,2.286448185199697,0.8055555555555556,0.7878787878787878
Nakanishi2015,ATCNet,within-session,braindecode,0,sub02_ses-0_fold4,15,32.34003379200294,0.6666666666666666,0.6363636363636364
Nakanishi2015,ATCNet,within-session,packed,0,sub03_ses-0_fold0,15,2.286448185199697,1.0,1.0
Nakanishi2015,ATCNet,within-session,braindecode,0,sub03_ses-0_fold0,15,30.087184511998203,1.0,1.0
Nakanishi2015,ATCNet,within-session,packed,0,sub03_ses-0_fold1,15,2.286448185199697,1.0,1.0
Nakanishi2015,ATCNet,within-session,braindecode,0,sub03_ses-0_fold1,15,32.163755549998314,1.0,1.0
Nakanishi2015,ATCNet,within-session,packed,0,sub03_ses-0_fold2,15,2.286448185199697,1.0,1.0
Nakanishi2015,ATCNet,within-session,braindecode,0,sub03_ses-0_fold2,15,31.05944936099695,1.0,1.0
Nakanishi2015,ATCNet,within-session,packed,0,sub03_ses-0_fold3,15,2.286448185199697,0.9722222222222222,0.9696969696969697
Nakanishi2015,ATCNet,within-session,braindecode,0,sub03_ses-0_fold3,15,31.92412990199955,1.0,1.0
Nakanishi2015,ATCNet,within-session,packed,0,sub03_ses-0_fold4,15,2.286448185199697,0.9722222222222222,0.9696969696969697
Nakanishi2015,ATCNet,within-session,braindecode,0,sub03_ses-0_fold4,15,31.66491285500524,0.9722222222222222,0.9696969696969697
Nakanishi2015,ATCNet,within-session,packed,0,sub04_ses-0_fold0,15,2.1571432622668607,1.0,1.0
Nakanishi2015,ATCNet,within-session,braindecode,0,sub04_ses-0_fold0,15,32.860502502997406,1.0,1.0
Nakanishi2015,ATCNet,within-session,packed,0,sub04_ses-0_fold1,15,2.1571432622668607,1.0,1.0
Nakanishi2015,ATCNet,within-session,braindecode,0,sub04_ses-0_fold1,15,30.99168063700199,1.0,1.0
Nakanishi2015,ATCNet,within-session,packed,0,sub04_ses-0_fold2,15,2.1571432622668607,1.0,1.0
Nakanishi2015,ATCNet,within-session,braindecode,0,sub04_ses-0_fold2,15,33.021741204000136,1.0,1.0
Nakanishi2015,ATCNet,within-session,packed,0,sub04_ses-0_fold3,15,2.1571432622668607,1.0,1.0
Nakanishi2015,ATCNet,within-session,braindecode,0,sub04_ses-0_fold3,15,32.24678544700146,1.0,1.0
Nakanishi2015,ATCNet,within-session,packed,0,sub04_ses-0_fold4,15,2.1571432622668607,1.0,1.0
Nakanishi2015,ATCNet,within-session,braindecode,0,sub04_ses-0_fold4,15,31.46846609000204,1.0,1.0
Nakanishi2015,ATCNet,within-session,packed,0,sub05_ses-0_fold0,15,2.1571432622668607,1.0,1.0
Nakanishi2015,ATCNet,within-session,braindecode,0,sub05_ses-0_fold0,15,32.9302830250017,1.0,1.0
Nakanishi2015,ATCNet,within-session,packed,0,sub05_ses-0_fold1,15,2.1571432622668607,1.0,1.0
Nakanishi2015,ATCNet,within-session,braindecode,0,sub05_ses-0_fold1,15,30.503932113999326,1.0,1.0
Nakanishi2015,ATCNet,within-session,packed,0,sub05_ses-0_fold2,15,2.1571432622668607,1.0,1.0
Nakanishi2015,ATCNet,within-session,braindecode,0,sub05_ses-0_fold2,15,32.94118384600006,1.0,1.0
Nakanishi2015,ATCNet,within-session,packed,0,sub05_ses-0_fold3,15,2.1571432622668607,1.0,1.0
Nakanishi2015,ATCNet,within-session,braindecode,0,sub05_ses-0_fold3,15,30.813393914002518,1.0,1.0
Nakanishi2015,ATCNet,within-session,packed,0,sub05_ses-0_fold4,15,2.1571432622668607,1.0,1.0
Nakanishi2015,ATCNet,within-session,braindecode,0,sub05_ses-0_fold4,15,32.55722171399975,1.0,1.0
Nakanishi2015,ATCNet,within-session,packed,0,sub06_ses-0_fold0,15,2.1571432622668607,1.0,1.0
Nakanishi2015,ATCNet,within-session,braindecode,0,sub06_ses-0_fold0,15,31.97395515399694,1.0,1.0
Nakanishi2015,ATCNet,within-session,packed,0,sub06_ses-0_fold1,15,2.1571432622668607,1.0,1.0
Nakanishi2015,ATCNet,within-session,braindecode,0,sub06_ses-0_fold1,15,31.17362651199801,1.0,1.0
Nakanishi2015,ATCNet,within-session,packed,0,sub06_ses-0_fold2,15,2.1571432622668607,1.0,1.0
Nakanishi2015,ATCNet,within-session,braindecode,0,sub06_ses-0_fold2,15,33.08036864500173,1.0,1.0
Nakanishi2015,ATCNet,within-session,packed,0,sub06_ses-0_fold3,15,2.1571432622668607,1.0,1.0
Nakanishi2015,ATCNet,within-session,braindecode,0,sub06_ses-0_fold3,15,30.727432815998327,1.0,1.0
Nakanishi2015,ATCNet,within-session,packed,0,sub06_ses-0_fold4,15,2.1571432622668607,1.0,1.0
Nakanishi2015,ATCNet,within-session,braindecode,0,sub06_ses-0_fold4,15,30.88163998300297,1.0,1.0
Nakanishi2015,ATCNet,within-session,packed,0,sub07_ses-0_fold0,15,2.1545291923335754,1.0,1.0
Nakanishi2015,ATCNet,within-session,braindecode,0,sub07_ses-0_fold0,15,31.428899849001027,1.0,1.0
Nakanishi2015,ATCNet,within-session,packed,0,sub07_ses-0_fold1,15,2.1545291923335754,1.0,1.0
Nakanishi2015,ATCNet,within-session,braindecode,0,sub07_ses-0_fold1,15,37.582329135999316,1.0,1.0
Nakanishi2015,ATCNet,within-session,packed,0,sub07_ses-0_fold2,15,2.1545291923335754,1.0,1.0
Nakanishi2015,ATCNet,within-session,braindecode,0,sub07_ses-0_fold2,15,30.681946699995024,1.0,1.0
Nakanishi2015,ATCNet,within-session,packed,0,sub07_ses-0_fold3,15,2.1545291923335754,1.0,1.0
Nakanishi2015,ATCNet,within-session,braindecode,0,sub07_ses-0_fold3,15,33.52825268499873,1.0,1.0
Nakanishi2015,ATCNet,within-session,packed,0,sub07_ses-0_fold4,15,2.1545291923335754,1.0,1.0
Nakanishi2015,ATCNet,within-session,braindecode,0,sub07_ses-0_fold4,15,31.50107467500493,1.0,1.0
Nakanishi2015,ATCNet,within-session,packed,0,sub08_ses-0_fold0,15,2.1545291923335754,1.0,1.0
Nakanishi2015,ATCNet,within-session,braindecode,0,sub08_ses-0_fold0,15,30.07059468400257,1.0,1.0
Nakanishi2015,ATCNet,within-session,packed,0,sub08_ses-0_fold1,15,2.1545291923335754,1.0,1.0
Nakanishi2015,ATCNet,within-session,braindecode,0,sub08_ses-0_fold1,15,30.098643528996035,1.0,1.0
Nakanishi2015,ATCNet,within-session,packed,0,sub08_ses-0_fold2,15,2.1545291923335754,1.0,1.0
Nakanishi2015,ATCNet,within-session,braindecode,0,sub08_ses-0_fold2,15,30.113502487001824,1.0,1.0
Nakanishi2015,ATCNet,within-session,packed,0,sub08_ses-0_fold3,15,2.1545291923335754,1.0,1.0
Nakanishi2015,ATCNet,within-session,braindecode,0,sub08_ses-0_fold3,15,30.109020413001417,1.0,1.0
Nakanishi2015,ATCNet,within-session,packed,0,sub08_ses-0_fold4,15,2.1545291923335754,1.0,1.0
Nakanishi2015,ATCNet,within-session,braindecode,0,sub08_ses-0_fold4,15,29.781967458002327,1.0,1.0
Nakanishi2015,ATCNet,within-session,packed,0,sub09_ses-0_fold0,15,2.1545291923335754,1.0,1.0
Nakanishi2015,ATCNet,within-session,braindecode,0,sub09_ses-0_fold0,15,29.825757879996672,1.0,1.0
Nakanishi2015,ATCNet,within-session,packed,0,sub09_ses-0_fold1,15,2.1545291923335754,1.0,1.0
Nakanishi2015,ATCNet,within-session,braindecode,0,sub09_ses-0_fold1,15,29.68811246999394,1.0,1.0
Nakanishi2015,ATCNet,within-session,packed,0,sub09_ses-0_fold2,15,2.1545291923335754,1.0,1.0
Nakanishi2015,ATCNet,within-session,braindecode,0,sub09_ses-0_fold2,15,29.674379580996174,1.0,1.0
Nakanishi2015,ATCNet,within-session,packed,0,sub09_ses-0_fold3,15,2.1545291923335754,1.0,1.0
Nakanishi2015,ATCNet,within-session,braindecode,0,sub09_ses-0_fold3,15,29.60426067499793,1.0,1.0
Nakanishi2015,ATCNet,within-session,packed,0,sub09_ses-0_fold4,15,2.1545291923335754,1.0,1.0
Nakanishi2015,ATCNet,within-session,braindecode,0,sub09_ses-0_fold4,15,30.02554672700353,1.0,1.0
Nakanishi2015,ATCNet,within-session,packed,1,sub01_ses-0_fold0,15,2.1581040376001814,0.9444444444444444,0.9393939393939394
Nakanishi2015,ATCNet,within-session,braindecode,1,sub01_ses-0_fold0,15,30.16329954200046,0.9444444444444444,0.9393939393939394
Nakanishi2015,ATCNet,within-session,packed,1,sub01_ses-0_fold1,15,2.1581040376001814,0.9444444444444444,0.9393939393939394
Nakanishi2015,ATCNet,within-session,braindecode,1,sub01_ses-0_fold1,15,30.034511410995037,0.9444444444444444,0.9393939393939394
Nakanishi2015,ATCNet,within-session,packed,1,sub01_ses-0_fold2,15,2.1581040376001814,0.9722222222222222,0.9696969696969697
Nakanishi2015,ATCNet,within-session,braindecode,1,sub01_ses-0_fold2,15,29.751950589001353,0.9166666666666666,0.9090909090909091
Nakanishi2015,ATCNet,within-session,packed,1,sub01_ses-0_fold3,15,2.1581040376001814,0.9722222222222222,0.9696969696969697
Nakanishi2015,ATCNet,within-session,braindecode,1,sub01_ses-0_fold3,15,29.943294369993964,0.9444444444444444,0.9393939393939394
Nakanishi2015,ATCNet,within-session,packed,1,sub01_ses-0_fold4,15,2.1581040376001814,0.9444444444444444,0.9393939393939394
Nakanishi2015,ATCNet,within-session,braindecode,1,sub01_ses-0_fold4,15,29.855710515999817,0.9444444444444444,0.9393939393939394
Nakanishi2015,ATCNet,within-session,packed,1,sub02_ses-0_fold0,15,2.1581040376001814,0.6944444444444444,0.6666666666666667
Nakanishi2015,ATCNet,within-session,braindecode,1,sub02_ses-0_fold0,15,29.819511214998784,0.7222222222222222,0.696969696969697
Nakanishi2015,ATCNet,within-session,packed,1,sub02_ses-0_fold1,15,2.1581040376001814,0.6388888888888888,0.6060606060606061
Nakanishi2015,ATCNet,within-session,braindecode,1,sub02_ses-0_fold1,15,29.9009850729999,0.7222222222222222,0.696969696969697
Nakanishi2015,ATCNet,within-session,packed,1,sub02_ses-0_fold2,15,2.1581040376001814,0.6666666666666666,0.6363636363636364
Nakanishi2015,ATCNet,within-session,braindecode,1,sub02_ses-0_fold2,15,29.993522603996098,0.7777777777777778,0.7575757575757576
Nakanishi2015,ATCNet,within-session,packed,1,sub02_ses-0_fold3,15,2.1581040376001814,0.6666666666666666,0.6363636363636365
Nakanishi2015,ATCNet,within-session,braindecode,1,sub02_ses-0_fold3,15,30.02904793399648,0.6666666666666666,0.6363636363636364
Nakanishi2015,ATCNet,within-session,packed,1,sub02_ses-0_fold4,15,2.1581040376001814,0.6666666666666666,0.6363636363636364
Nakanishi2015,ATCNet,within-session,braindecode,1,sub02_ses-0_fold4,15,30.04797077600233,0.8055555555555556,0.7878787878787878
Nakanishi2015,ATCNet,within-session,packed,1,sub03_ses-0_fold0,15,2.1581040376001814,1.0,1.0
Nakanishi2015,ATCNet,within-session,braindecode,1,sub03_ses-0_fold0,15,30.098209213996597,1.0,1.0
Nakanishi2015,ATCNet,within-session,packed,1,sub03_ses-0_fold1,15,2.1581040376001814,1.0,1.0
Nakanishi2015,ATCNet,within-session,braindecode,1,sub03_ses-0_fold1,15,30.107060333000845,0.9722222222222222,0.9696969696969697
Nakanishi2015,ATCNet,within-session,packed,1,sub03_ses-0_fold2,15,2.1581040376001814,1.0,1.0
Nakanishi2015,ATCNet,within-session,braindecode,1,sub03_ses-0_fold2,15,30.10358976200223,1.0,1.0
Nakanishi2015,ATCNet,within-session,packed,1,sub03_ses-0_fold3,15,2.1581040376001814,0.9722222222222222,0.9696969696969697
Nakanishi2015,ATCNet,within-session,braindecode,1,sub03_ses-0_fold3,15,30.1129683820036,1.0,1.0
Nakanishi2015,ATCNet,within-session,packed,1,sub03_ses-0_fold4,15,2.1581040376001814,0.9722222222222222,0.9696969696969697
Nakanishi2015,ATCNet,within-session,braindecode,1,sub03_ses-0_fold4,15,29.786948013002984,1.0,1.0
Nakanishi2015,ATCNet,within-session,packed,1,sub04_ses-0_fold0,15,2.157761758266618,1.0,1.0
Nakanishi2015,ATCNet,within-session,braindecode,1,sub04_ses-0_fold0,15,30.265430614999786,1.0,1.0
Nakanishi2015,ATCNet,within-session,packed,1,sub04_ses-0_fold1,15,2.157761758266618,1.0,1.0
Nakanishi2015,ATCNet,within-session,braindecode,1,sub04_ses-0_fold1,15,30.192271680003614,1.0,1.0
Nakanishi2015,ATCNet,within-session,packed,1,sub04_ses-0_fold2,15,2.157761758266618,1.0,1.0
Nakanishi2015,ATCNet,within-session,braindecode,1,sub04_ses-0_fold2,15,30.06362837800407,1.0,1.0
Nakanishi2015,ATCNet,within-session,packed,1,sub04_ses-0_fold3,15,2.157761758266618,1.0,1.0
Nakanishi2015,ATCNet,within-session,braindecode,1,sub04_ses-0_fold3,15,30.121661605000554,1.0,1.0
Nakanishi2015,ATCNet,within-session,packed,1,sub04_ses-0_fold4,15,2.157761758266618,1.0,1.0
Nakanishi2015,ATCNet,within-session,braindecode,1,sub04_ses-0_fold4,15,30.288757201000408,1.0,1.0
Nakanishi2015,ATCNet,within-session,packed,1,sub05_ses-0_fold0,15,2.157761758266618,1.0,1.0
Nakanishi2015,ATCNet,within-session,braindecode,1,sub05_ses-0_fold0,15,30.135797441005707,1.0,1.0
Nakanishi2015,ATCNet,within-session,packed,1,sub05_ses-0_fold1,15,2.157761758266618,1.0,1.0
Nakanishi2015,ATCNet,within-session,braindecode,1,sub05_ses-0_fold1,15,30.37780457700137,1.0,1.0
Nakanishi2015,ATCNet,within-session,packed,1,sub05_ses-0_fold2,15,2.157761758266618,1.0,1.0
Nakanishi2015,ATCNet,within-session,braindecode,1,sub05_ses-0_fold2,15,30.179391992998717,1.0,1.0
Nakanishi2015,ATCNet,within-session,packed,1,sub05_ses-0_fold3,15,2.157761758266618,1.0,1.0
Nakanishi2015,ATCNet,within-session,braindecode,1,sub05_ses-0_fold3,15,30.31482010900072,1.0,1.0
Nakanishi2015,ATCNet,within-session,packed,1,sub05_ses-0_fold4,15,2.157761758266618,1.0,1.0
Nakanishi2015,ATCNet,within-session,braindecode,1,sub05_ses-0_fold4,15,30.005696357002307,1.0,1.0
Nakanishi2015,ATCNet,within-session,packed,1,sub06_ses-0_fold0,15,2.157761758266618,1.0,1.0
Nakanishi2015,ATCNet,within-session,braindecode,1,sub06_ses-0_fold0,15,29.990600009004993,1.0,1.0
Nakanishi2015,ATCNet,within-session,packed,1,sub06_ses-0_fold1,15,2.157761758266618,1.0,1.0
Nakanishi2015,ATCNet,within-session,braindecode,1,sub06_ses-0_fold1,15,29.999464050000824,1.0,1.0
Nakanishi2015,ATCNet,within-session,packed,1,sub06_ses-0_fold2,15,2.157761758266618,1.0,1.0
Nakanishi2015,ATCNet,within-session,braindecode,1,sub06_ses-0_fold2,15,30.230522710000514,1.0,1.0
Nakanishi2015,ATCNet,within-session,packed,1,sub06_ses-0_fold3,15,2.157761758266618,1.0,1.0
Nakanishi2015,ATCNet,within-session,braindecode,1,sub06_ses-0_fold3,15,30.220731882996915,1.0,1.0
Nakanishi2015,ATCNet,within-session,packed,1,sub06_ses-0_fold4,15,2.157761758266618,1.0,1.0
Nakanishi2015,ATCNet,within-session,braindecode,1,sub06_ses-0_fold4,15,30.1466836230029,1.0,1.0
Nakanishi2015,ATCNet,within-session,packed,1,sub07_ses-0_fold0,15,2.1586674152664878,1.0,1.0
Nakanishi2015,ATCNet,within-session,braindecode,1,sub07_ses-0_fold0,15,30.147912114000064,1.0,1.0
Nakanishi2015,ATCNet,within-session,packed,1,sub07_ses-0_fold1,15,2.1586674152664878,1.0,1.0
Nakanishi2015,ATCNet,within-session,braindecode,1,sub07_ses-0_fold1,15,30.207863928000734,1.0,1.0
Nakanishi2015,ATCNet,within-session,packed,1,sub07_ses-0_fold2,15,2.1586674152664878,1.0,1.0
Nakanishi2015,ATCNet,within-session,braindecode,1,sub07_ses-0_fold2,15,30.17374286899576,0.9722222222222222,0.9696969696969697
Nakanishi2015,ATCNet,within-session,packed,1,sub07_ses-0_fold3,15,2.1586674152664878,1.0,1.0
Nakanishi2015,ATCNet,within-session,braindecode,1,sub07_ses-0_fold3,15,29.95196638800553,1.0,1.0
Nakanishi2015,ATCNet,within-session,packed,1,sub07_ses-0_fold4,15,2.1586674152664878,1.0,1.0
Nakanishi2015,ATCNet,within-session,braindecode,1,sub07_ses-0_fold4,15,30.118713365001895,1.0,1.0
Nakanishi2015,ATCNet,within-session,packed,1,sub08_ses-0_fold0,15,2.1586674152664878,1.0,1.0
Nakanishi2015,ATCNet,within-session,braindecode,1,sub08_ses-0_fold0,15,30.18003541699727,1.0,1.0
Nakanishi2015,ATCNet,within-session,packed,1,sub08_ses-0_fold1,15,2.1586674152664878,1.0,1.0
Nakanishi2015,ATCNet,within-session,braindecode,1,sub08_ses-0_fold1,15,30.232680984998296,1.0,1.0
Nakanishi2015,ATCNet,within-session,packed,1,sub08_ses-0_fold2,15,2.1586674152664878,1.0,1.0
Nakanishi2015,ATCNet,within-session,braindecode,1,sub08_ses-0_fold2,15,30.00903417399968,1.0,1.0
Nakanishi2015,ATCNet,within-session,packed,1,sub08_ses-0_fold3,15,2.1586674152664878,1.0,1.0
Nakanishi2015,ATCNet,within-session,braindecode,1,sub08_ses-0_fold3,15,30.158673710000585,1.0,1.0
Nakanishi2015,ATCNet,within-session,packed,1,sub08_ses-0_fold4,15,2.1586674152664878,1.0,1.0
Nakanishi2015,ATCNet,within-session,braindecode,1,sub08_ses-0_fold4,15,30.09935372199834,1.0,1.0
Nakanishi2015,ATCNet,within-session,packed,1,sub09_ses-0_fold0,15,2.1586674152664878,1.0,1.0
Nakanishi2015,ATCNet,within-session,braindecode,1,sub09_ses-0_fold0,15,30.17758254599903,1.0,1.0
Nakanishi2015,ATCNet,within-session,packed,1,sub09_ses-0_fold1,15,2.1586674152664878,1.0,1.0
Nakanishi2015,ATCNet,within-session,braindecode,1,sub09_ses-0_fold1,15,30.109030769999663,1.0,1.0
Nakanishi2015,ATCNet,within-session,packed,1,sub09_ses-0_fold2,15,2.1586674152664878,1.0,1.0
Nakanishi2015,ATCNet,within-session,braindecode,1,sub09_ses-0_fold2,15,30.137220755997987,1.0,1.0
Nakanishi2015,ATCNet,within-session,packed,1,sub09_ses-0_fold3,15,2.1586674152664878,1.0,1.0
Nakanishi2015,ATCNet,within-session,braindecode,1,sub09_ses-0_fold3,15,30.10711566599639,1.0,1.0
Nakanishi2015,ATCNet,within-session,packed,1,sub09_ses-0_fold4,15,2.1586674152664878,1.0,1.0
Nakanishi2015,ATCNet,within-session,braindecode,1,sub09_ses-0_fold4,15,30.007057936003548,0.9722222222222222,0.9696969696969697
Nakanishi2015,ATCNet,within-session,packed,2,sub01_ses-0_fold0,15,2.1567502223333577,1.0,1.0
Nakanishi2015,ATCNet,within-session,braindecode,2,sub01_ses-0_fold0,15,30.36881945100322,0.9722222222222222,0.9696969696969697
Nakanishi2015,ATCNet,within-session,packed,2,sub01_ses-0_fold1,15,2.1567502223333577,1.0,1.0
Nakanishi2015,ATCNet,within-session,braindecode,2,sub01_ses-0_fold1,15,30.402452790003736,0.9722222222222222,0.9696969696969697
Nakanishi2015,ATCNet,within-session,packed,2,sub01_ses-0_fold2,15,2.1567502223333577,0.8888888888888888,0.8787878787878788
Nakanishi2015,ATCNet,within-session,braindecode,2,sub01_ses-0_fold2,15,30.28726213399932,0.9166666666666666,0.9090909090909091
Nakanishi2015,ATCNet,within-session,packed,2,sub01_ses-0_fold3,15,2.1567502223333577,0.9722222222222222,0.9696969696969697
Nakanishi2015,ATCNet,within-session,braindecode,2,sub01_ses-0_fold3,15,30.182983159997093,0.9444444444444444,0.9393939393939394
Nakanishi2015,ATCNet,within-session,packed,2,sub01_ses-0_fold4,15,2.1567502223333577,0.9444444444444444,0.9393939393939394
Nakanishi2015,ATCNet,within-session,braindecode,2,sub01_ses-0_fold4,15,30.31646909599658,0.9444444444444444,0.9393939393939394
Nakanishi2015,ATCNet,within-session,packed,2,sub02_ses-0_fold0,15,2.1567502223333577,0.5555555555555556,0.5151515151515151
Nakanishi2015,ATCNet,within-session,braindecode,2,sub02_ses-0_fold0,15,30.397593559995585,0.6666666666666666,0.6363636363636364
Nakanishi2015,ATCNet,within-session,packed,2,sub02_ses-0_fold1,15,2.1567502223333577,0.6111111111111112,0.5757575757575757
Nakanishi2015,ATCNet,within-session,braindecode,2,sub02_ses-0_fold1,15,30.480390666001767,0.6666666666666666,0.6363636363636364
Nakanishi2015,ATCNet,within-session,packed,2,sub02_ses-0_fold2,15,2.1567502223333577,0.6388888888888888,0.6060606060606061
Nakanishi2015,ATCNet,within-session,braindecode,2,sub02_ses-0_fold2,15,30.336390031996416,0.6944444444444444,0.6666666666666667
Nakanishi2015,ATCNet,within-session,packed,2,sub02_ses-0_fold3,15,2.1567502223333577,0.6111111111111112,0.5757575757575757
Nakanishi2015,ATCNet,within-session,braindecode,2,sub02_ses-0_fold3,15,30.303314497003157,0.6111111111111112,0.5757575757575757
Nakanishi2015,ATCNet,within-session,packed,2,sub02_ses-0_fold4,15,2.1567502223333577,0.6666666666666666,0.6363636363636364
Nakanishi2015,ATCNet,within-session,braindecode,2,sub02_ses-0_fold4,15,30.48749211899849,0.6111111111111112,0.5757575757575757
Nakanishi2015,ATCNet,within-session,packed,2,sub03_ses-0_fold0,15,2.1567502223333577,1.0,1.0
Nakanishi2015,ATCNet,within-session,braindecode,2,sub03_ses-0_fold0,15,30.3385943720059,1.0,1.0
Nakanishi2015,ATCNet,within-session,packed,2,sub03_ses-0_fold1,15,2.1567502223333577,1.0,1.0
Nakanishi2015,ATCNet,within-session,braindecode,2,sub03_ses-0_fold1,15,30.368920430999424,1.0,1.0
Nakanishi2015,ATCNet,within-session,packed,2,sub03_ses-0_fold2,15,2.1567502223333577,1.0,1.0
Nakanishi2015,ATCNet,within-session,braindecode,2,sub03_ses-0_fold2,15,30.325137476000236,1.0,1.0
Nakanishi2015,ATCNet,within-session,packed,2,sub03_ses-0_fold3,15,2.1567502223333577,1.0,1.0
Nakanishi2015,ATCNet,within-session,braindecode,2,sub03_ses-0_fold3,15,30.25185492899618,0.9722222222222222,0.9696969696969697
Nakanishi2015,ATCNet,within-session,packed,2,sub03_ses-0_fold4,15,2.1567502223333577,0.9722222222222222,0.9696969696969697
Nakanishi2015,ATCNet,within-session,braindecode,2,sub03_ses-0_fold4,15,30.466751109001052,1.0,1.0
Nakanishi2015,ATCNet,within-session,packed,2,sub04_ses-0_fold0,15,2.159144467266742,1.0,1.0
Nakanishi2015,ATCNet,within-session,braindecode,2,sub04_ses-0_fold0,15,30.288136236995342,1.0,1.0
Nakanishi2015,ATCNet,within-session,packed,2,sub04_ses-0_fold1,15,2.159144467266742,1.0,1.0
Nakanishi2015,ATCNet,within-session,braindecode,2,sub04_ses-0_fold1,15,30.184807325000293,1.0,1.0
Nakanishi2015,ATCNet,within-session,packed,2,sub04_ses-0_fold2,15,2.159144467266742,1.0,1.0
Nakanishi2015,ATCNet,within-session,braindecode,2,sub04_ses-0_fold2,15,30.045447696997144,1.0,1.0
Nakanishi2015,ATCNet,within-session,packed,2,sub04_ses-0_fold3,15,2.159144467266742,1.0,1.0
Nakanishi2015,ATCNet,within-session,braindecode,2,sub04_ses-0_fold3,15,30.181944117997773,1.0,1.0
Nakanishi2015,ATCNet,within-session,packed,2,sub04_ses-0_fold4,15,2.159144467266742,1.0,1.0
Nakanishi2015,ATCNet,within-session,braindecode,2,sub04_ses-0_fold4,15,30.191061992998584,1.0,1.0
Nakanishi2015,ATCNet,within-session,packed,2,sub05_ses-0_fold0,15,2.159144467266742,1.0,1.0
Nakanishi2015,ATCNet,within-session,braindecode,2,sub05_ses-0_fold0,15,30.189722331000667,1.0,1.0
Nakanishi2015,ATCNet,within-session,packed,2,sub05_ses-0_fold1,15,2.159144467266742,1.0,1.0
Nakanishi2015,ATCNet,within-session,braindecode,2,sub05_ses-0_fold1,15,30.266112147997774,1.0,1.0
Nakanishi2015,ATCNet,within-session,packed,2,sub05_ses-0_fold2,15,2.159144467266742,1.0,1.0
Nakanishi2015,ATCNet,within-session,braindecode,2,sub05_ses-0_fold2,15,30.37842610399821,1.0,1.0
Nakanishi2015,ATCNet,within-session,packed,2,sub05_ses-0_fold3,15,2.159144467266742,1.0,1.0
Nakanishi2015,ATCNet,within-session,braindecode,2,sub05_ses-0_fold3,15,30.16539496999758,1.0,1.0
Nakanishi2015,ATCNet,within-session,packed,2,sub05_ses-0_fold4,15,2.159144467266742,1.0,1.0
Nakanishi2015,ATCNet,within-session,braindecode,2,sub05_ses-0_fold4,15,30.24795604400424,1.0,1.0
Nakanishi2015,ATCNet,within-session,packed,2,sub06_ses-0_fold0,15,2.159144467266742,1.0,1.0
Nakanishi2015,ATCNet,within-session,braindecode,2,sub06_ses-0_fold0,15,30.170499806998123,1.0,1.0
Nakanishi2015,ATCNet,within-session,packed,2,sub06_ses-0_fold1,15,2.159144467266742,1.0,1.0
Nakanishi2015,ATCNet,within-session,braindecode,2,sub06_ses-0_fold1,15,30.226235473004635,1.0,1.0
Nakanishi2015,ATCNet,within-session,packed,2,sub06_ses-0_fold2,15,2.159144467266742,1.0,1.0
Nakanishi2015,ATCNet,within-session,braindecode,2,sub06_ses-0_fold2,15,30.234672413993394,1.0,1.0
Nakanishi2015,ATCNet,within-session,packed,2,sub06_ses-0_fold3,15,2.159144467266742,1.0,1.0
Nakanishi2015,ATCNet,within-session,braindecode,2,sub06_ses-0_fold3,15,30.123758882000402,1.0,1.0
Nakanishi2015,ATCNet,within-session,packed,2,sub06_ses-0_fold4,15,2.159144467266742,1.0,1.0
Nakanishi2015,ATCNet,within-session,braindecode,2,sub06_ses-0_fold4,15,30.19635572200059,1.0,1.0
Nakanishi2015,ATCNet,within-session,packed,2,sub07_ses-0_fold0,15,2.1582961918000363,1.0,1.0
Nakanishi2015,ATCNet,within-session,braindecode,2,sub07_ses-0_fold0,15,30.39943286599737,1.0,1.0
Nakanishi2015,ATCNet,within-session,packed,2,sub07_ses-0_fold1,15,2.1582961918000363,1.0,1.0
Nakanishi2015,ATCNet,within-session,braindecode,2,sub07_ses-0_fold1,15,30.377215478001744,1.0,1.0
Nakanishi2015,ATCNet,within-session,packed,2,sub07_ses-0_fold2,15,2.1582961918000363,1.0,1.0
Nakanishi2015,ATCNet,within-session,braindecode,2,sub07_ses-0_fold2,15,30.42725676400005,0.9722222222222222,0.9696969696969697
Nakanishi2015,ATCNet,within-session,packed,2,sub07_ses-0_fold3,15,2.1582961918000363,1.0,1.0
Nakanishi2015,ATCNet,within-session,braindecode,2,sub07_ses-0_fold3,15,30.399731074001465,1.0,1.0
Nakanishi2015,ATCNet,within-session,packed,2,sub07_ses-0_fold4,15,2.1582961918000363,1.0,1.0
Nakanishi2015,ATCNet,within-session,braindecode,2,sub07_ses-0_fold4,15,30.301269577998028,1.0,1.0
Nakanishi2015,ATCNet,within-session,packed,2,sub08_ses-0_fold0,15,2.1582961918000363,1.0,1.0
Nakanishi2015,ATCNet,within-session,braindecode,2,sub08_ses-0_fold0,15,30.21853692500008,1.0,1.0
Nakanishi2015,ATCNet,within-session,packed,2,sub08_ses-0_fold1,15,2.1582961918000363,1.0,1.0
Nakanishi2015,ATCNet,within-session,braindecode,2,sub08_ses-0_fold1,15,30.21419359200081,1.0,1.0
Nakanishi2015,ATCNet,within-session,packed,2,sub08_ses-0_fold2,15,2.1582961918000363,1.0,1.0
Nakanishi2015,ATCNet,within-session,braindecode,2,sub08_ses-0_fold2,15,30.45355398800166,1.0,1.0
Nakanishi2015,ATCNet,within-session,packed,2,sub08_ses-0_fold3,15,2.1582961918000363,1.0,1.0
Nakanishi2015,ATCNet,within-session,braindecode,2,sub08_ses-0_fold3,15,30.636645468002826,1.0,1.0
Nakanishi2015,ATCNet,within-session,packed,2,sub08_ses-0_fold4,15,2.1582961918000363,1.0,1.0
Nakanishi2015,ATCNet,within-session,braindecode,2,sub08_ses-0_fold4,15,30.481236273997638,1.0,1.0
Nakanishi2015,ATCNet,within-session,packed,2,sub09_ses-0_fold0,15,2.1582961918000363,1.0,1.0
Nakanishi2015,ATCNet,within-session,braindecode,2,sub09_ses-0_fold0,15,30.480930812002043,1.0,1.0
Nakanishi2015,ATCNet,within-session,packed,2,sub09_ses-0_fold1,15,2.1582961918000363,1.0,1.0
Nakanishi2015,ATCNet,within-session,braindecode,2,sub09_ses-0_fold1,15,30.47849006499746,1.0,1.0
Nakanishi2015,ATCNet,within-session,packed,2,sub09_ses-0_fold2,15,2.1582961918000363,1.0,1.0
Nakanishi2015,ATCNet,within-session,braindecode,2,sub09_ses-0_fold2,15,30.233808865996252,1.0,1.0
Nakanishi2015,ATCNet,within-session,packed,2,sub09_ses-0_fold3,15,2.1582961918000363,1.0,1.0
Nakanishi2015,ATCNet,within-session,braindecode,2,sub09_ses-0_fold3,15,30.498961526005587,1.0,1.0
Nakanishi2015,ATCNet,within-session,packed,2,sub09_ses-0_fold4,15,2.1582961918000363,1.0,1.0
Nakanishi2015,ATCNet,within-session,braindecode,2,sub09_ses-0_fold4,15,30.2468345840025,1.0,1.0
